[{"model": "courses.user", "pk": 1, "fields": {"password": "pbkdf2_sha256$720000$XEuhBuiGoMVlzvpzPUHSKa$Uq3XTe6cPbusrawYXmJHh5JHTUDw0A5JsTOeA6dxR5k=", "last_login": "2025-03-17T12:40:55.229Z", "is_superuser": true, "first_name": "", "last_name": "", "is_staff": true, "is_active": true, "date_joined": "2025-01-25T09:55:36Z", "name": "المؤسس", "username": "biifounder", "email": "biifounder@gmail.com", "year": "0", "gov": "المؤسس", "prov": "المؤسس", "school": "المؤسس", "groups": [], "user_permissions": []}}, {"model": "courses.user", "pk": 2, "fields": {"password": "pbkdf2_sha256$720000$C7wM8THk3CXh0ZIKdoodff$JLPsat8aXNJWsjzVjmn66eiFl5w2oZZ5OkYL7XSk/cQ=", "last_login": "2025-02-26T18:51:20.222Z", "is_superuser": false, "first_name": "", "last_name": "", "is_staff": false, "is_active": true, "date_joined": "2025-02-15T13:03:28.676Z", "name": "تسنيم خالد", "username": null, "email": "alaa1357246999@gmail.com", "year": "9", "gov": "الداخلية", "prov": "بـهـلاء", "school": "امنه بنت الارقم المخزوميه للتعليم الاساسى للبنات الصفوف (5- 10)", "groups": [], "user_permissions": []}}, {"model": "courses.user", "pk": 4, "fields": {"password": "pbkdf2_sha256$720000$A96LuFOwS2Jh1z5VTgAG0G$6T7TGhZBRnag0p2HWeB5zkxDy+AZ/lLUe6Vt+AQJC70=", "last_login": "2025-02-15T16:09:59.834Z", "is_superuser": false, "first_name": "", "last_name": "", "is_staff": false, "is_active": true, "date_joined": "2025-02-15T16:09:59.527Z", "name": "جومانا مصطفى ابوراشد ", "username": null, "email": "jomanaprogrammingwith@gmail.com", "year": "10", "gov": "الداخلية", "prov": "بـهـلاء", "school": "امنه بنت الارقم المخزوميه للتعليم الاساسى للبنات الصفوف (5- 10)", "groups": [], "user_permissions": []}}, {"model": "courses.user", "pk": 5, "fields": {"password": "pbkdf2_sha256$720000$Bte41rxUGHzSwsFiNgBh8E$I2pIa+0f2lLP0F5nSzSQV81aLNnIF7Kwa8xRgtFgjDA=", "last_login": "2025-02-17T13:13:51.306Z", "is_superuser": false, "first_name": "", "last_name": "", "is_staff": false, "is_active": true, "date_joined": "2025-02-17T13:13:50.998Z", "name": "عمر شاكر ", "username": null, "email": "suhailaforever@gmail.com", "year": "10", "gov": "مسقط", "prov": "السـيب", "school": "احمد بن النعمان الكعبى للتعليم الاساسى للبنين الصفوف (5-10", "groups": [], "user_permissions": []}}, {"model": "courses.user", "pk": 6, "fields": {"password": "pbkdf2_sha256$720000$zeZBa8sT0DbcKDTMOaXzYA$Qpxv2n8ch90l1fghazPuWR2Jdo3LGutjsz4c2ku8oGk=", "last_login": "2025-02-18T13:48:56.883Z", "is_superuser": false, "first_name": "", "last_name": "", "is_staff": false, "is_active": true, "date_joined": "2025-02-18T13:47:57.791Z", "name": "نضال سالمين الشكيلي", "username": null, "email": "nidhal20093@gmail.com", "year": "11", "gov": "مسقط", "prov": null, "school": null, "groups": [], "user_permissions": []}}, {"model": "courses.user", "pk": 7, "fields": {"password": "pbkdf2_sha256$720000$8WSbBmUSzjPNavor1oha3H$MGfik1OxWZBpDTXRoyfPBeuhlNnhA/acTTELInbbKZg=", "last_login": "2025-03-08T12:10:48.878Z", "is_superuser": false, "first_name": "", "last_name": "", "is_staff": false, "is_active": true, "date_joined": "2025-03-08T12:10:48.417Z", "name": "حنين شكري عبدالمنعم ", "username": null, "email": "jhun7988@gmail.com", "year": "9", "gov": "الداخلية", "prov": "بـهـلاء", "school": "امنه بنت الارقم المخزوميه للتعليم الاساسى للبنات الصفوف (5- 10)", "groups": [], "user_permissions": []}}, {"model": "courses.user", "pk": 8, "fields": {"password": "pbkdf2_sha256$720000$RUdc8Fa9ZYgn2vk8lhAc21$kPq4QHDUfjGalCs2bKEf9TfAZ453p/ZKtwz1VCZ7TVY=", "last_login": "2025-03-15T13:27:15.888Z", "is_superuser": false, "first_name": "", "last_name": "", "is_staff": false, "is_active": true, "date_joined": "2025-03-15T13:27:15.426Z", "name": "مريم محمد عبدالجليل", "username": null, "email": "mmdabdelgalil9@gmail.com", "year": "11", "gov": "الداخلية", "prov": "نـزوى", "school": "الشعثاء بنت جابر للتعليم الاساسى للبنات الصفوف (10-12)", "groups": [], "user_permissions": []}}, {"model": "courses.yeareval", "pk": 410, "fields": {"user": 1, "k": 1, "percent": 0}}, {"model": "courses.yeareval", "pk": 411, "fields": {"user": 2, "k": 1, "percent": 0}}, {"model": "courses.yeareval", "pk": 412, "fields": {"user": 7, "k": 1, "percent": 0}}, {"model": "courses.subjecteval", "pk": 2, "fields": {"user": 1, "k": 1, "percent": 0}}, {"model": "courses.subjecteval", "pk": 3, "fields": {"user": 2, "k": 1, "percent": 0}}, {"model": "courses.subjecteval", "pk": 4, "fields": {"user": 7, "k": 1, "percent": 0}}, {"model": "courses.uniteval", "pk": 2, "fields": {"user": 1, "k": 1, "percent": 0}}, {"model": "courses.uniteval", "pk": 3, "fields": {"user": 1, "k": 2, "percent": 0}}, {"model": "courses.uniteval", "pk": 4, "fields": {"user": 1, "k": 3, "percent": 0}}, {"model": "courses.uniteval", "pk": 5, "fields": {"user": 2, "k": 1, "percent": 0}}, {"model": "courses.uniteval", "pk": 6, "fields": {"user": 2, "k": 2, "percent": 0}}, {"model": "courses.uniteval", "pk": 7, "fields": {"user": 2, "k": 3, "percent": 0}}, {"model": "courses.uniteval", "pk": 8, "fields": {"user": 7, "k": 1, "percent": 0}}, {"model": "courses.uniteval", "pk": 9, "fields": {"user": 7, "k": 2, "percent": 0}}, {"model": "courses.uniteval", "pk": 10, "fields": {"user": 7, "k": 3, "percent": 0}}, {"model": "courses.lessoneval", "pk": 1, "fields": {"user": 1, "k": 1, "score": 0, "total": 0, "percent": 0}}, {"model": "courses.lessoneval", "pk": 2, "fields": {"user": 1, "k": 2, "score": 0, "total": 0, "percent": 0}}, {"model": "courses.lessoneval", "pk": 3, "fields": {"user": 1, "k": 3, "score": 0, "total": 0, "percent": 0}}, {"model": "courses.lessoneval", "pk": 4, "fields": {"user": 1, "k": 4, "score": 0, "total": 0, "percent": 0}}, {"model": "courses.lessoneval", "pk": 5, "fields": {"user": 1, "k": 5, "score": 0, "total": 0, "percent": 0}}, {"model": "courses.lessoneval", "pk": 6, "fields": {"user": 1, "k": 6, "score": 0, "total": 0, "percent": 0}}, {"model": "courses.lessoneval", "pk": 7, "fields": {"user": 1, "k": 7, "score": 0, "total": 0, "percent": 0}}, {"model": "courses.lessoneval", "pk": 8, "fields": {"user": 1, "k": 8, "score": 0, "total": 0, "percent": 0}}, {"model": "courses.lessoneval", "pk": 9, "fields": {"user": 2, "k": 1, "score": 0, "total": 0, "percent": 0}}, {"model": "courses.lessoneval", "pk": 10, "fields": {"user": 2, "k": 2, "score": 0, "total": 0, "percent": 0}}, {"model": "courses.lessoneval", "pk": 11, "fields": {"user": 2, "k": 3, "score": 0, "total": 0, "percent": 0}}, {"model": "courses.lessoneval", "pk": 12, "fields": {"user": 2, "k": 4, "score": 0, "total": 0, "percent": 0}}, {"model": "courses.lessoneval", "pk": 13, "fields": {"user": 2, "k": 5, "score": 0, "total": 0, "percent": 0}}, {"model": "courses.lessoneval", "pk": 14, "fields": {"user": 2, "k": 6, "score": 0, "total": 0, "percent": 0}}, {"model": "courses.lessoneval", "pk": 15, "fields": {"user": 2, "k": 7, "score": 0, "total": 0, "percent": 0}}, {"model": "courses.lessoneval", "pk": 16, "fields": {"user": 2, "k": 8, "score": 0, "total": 0, "percent": 0}}, {"model": "courses.lessoneval", "pk": 17, "fields": {"user": 7, "k": 1, "score": 0, "total": 0, "percent": 0}}, {"model": "courses.lessoneval", "pk": 18, "fields": {"user": 7, "k": 2, "score": 0, "total": 0, "percent": 0}}, {"model": "courses.lessoneval", "pk": 19, "fields": {"user": 7, "k": 3, "score": 0, "total": 0, "percent": 0}}, {"model": "courses.lessoneval", "pk": 20, "fields": {"user": 7, "k": 4, "score": 0, "total": 0, "percent": 0}}, {"model": "courses.lessoneval", "pk": 21, "fields": {"user": 7, "k": 5, "score": 0, "total": 0, "percent": 0}}, {"model": "courses.lessoneval", "pk": 22, "fields": {"user": 7, "k": 6, "score": 0, "total": 0, "percent": 0}}, {"model": "courses.lessoneval", "pk": 23, "fields": {"user": 7, "k": 7, "score": 0, "total": 0, "percent": 0}}, {"model": "courses.lessoneval", "pk": 24, "fields": {"user": 7, "k": 8, "score": 0, "total": 0, "percent": 0}}, {"model": "courses.qeval", "pk": 1, "fields": {"user": 1, "k": 1, "score": 0, "flag": 0}}, {"model": "courses.qeval", "pk": 2, "fields": {"user": 1, "k": 2, "score": 0, "flag": 0}}, {"model": "courses.qeval", "pk": 3, "fields": {"user": 1, "k": 3, "score": 0, "flag": 0}}, {"model": "courses.qeval", "pk": 4, "fields": {"user": 1, "k": 4, "score": 0, "flag": 0}}, {"model": "courses.qeval", "pk": 5, "fields": {"user": 1, "k": 5, "score": 0, "flag": 0}}, {"model": "courses.qeval", "pk": 6, "fields": {"user": 1, "k": 6, "score": 0, "flag": 0}}, {"model": "courses.qeval", "pk": 7, "fields": {"user": 1, "k": 7, "score": 0, "flag": 0}}, {"model": "courses.qeval", "pk": 8, "fields": {"user": 1, "k": 8, "score": 0, "flag": 0}}, {"model": "courses.qeval", "pk": 9, "fields": {"user": 1, "k": 9, "score": 0, "flag": 0}}, {"model": "courses.qeval", "pk": 10, "fields": {"user": 1, "k": 10, "score": 0, "flag": 0}}, {"model": "courses.qeval", "pk": 11, "fields": {"user": 1, "k": 11, "score": 0, "flag": 0}}, {"model": "courses.qeval", "pk": 12, "fields": {"user": 1, "k": 12, "score": 0, "flag": 0}}, {"model": "courses.qeval", "pk": 13, "fields": {"user": 1, "k": 13, "score": 0, "flag": 0}}, {"model": "courses.qeval", "pk": 14, "fields": {"user": 1, "k": 14, "score": 0, "flag": 0}}, {"model": "courses.qeval", "pk": 15, "fields": {"user": 1, "k": 15, "score": 0, "flag": 0}}, {"model": "courses.qeval", "pk": 16, "fields": {"user": 1, "k": 16, "score": 0, "flag": 0}}, {"model": "courses.qeval", "pk": 17, "fields": {"user": 1, "k": 17, "score": 0, "flag": 0}}, {"model": "courses.qeval", "pk": 18, "fields": {"user": 1, "k": 18, "score": 0, "flag": 0}}, {"model": "courses.qeval", "pk": 19, "fields": {"user": 1, "k": 22, "score": 0, "flag": 0}}, {"model": "courses.qeval", "pk": 20, "fields": {"user": 1, "k": 23, "score": 0, "flag": 0}}, {"model": "courses.qeval", "pk": 21, "fields": {"user": 1, "k": 24, "score": 0, "flag": 0}}, {"model": "courses.qeval", "pk": 22, "fields": {"user": 1, "k": 26, "score": 0, "flag": 0}}, {"model": "courses.qeval", "pk": 23, "fields": {"user": 1, "k": 27, "score": 0, "flag": 0}}, {"model": "courses.qeval", "pk": 24, "fields": {"user": 1, "k": 28, "score": 0, "flag": 0}}, {"model": "courses.qeval", "pk": 25, "fields": {"user": 1, "k": 29, "score": 0, "flag": 0}}, {"model": "courses.qeval", "pk": 26, "fields": {"user": 1, "k": 30, "score": 0, "flag": 0}}, {"model": "courses.qeval", "pk": 27, "fields": {"user": 1, "k": 31, "score": 0, "flag": 0}}, {"model": "courses.qeval", "pk": 28, "fields": {"user": 1, "k": 33, "score": 0, "flag": 0}}, {"model": "courses.qeval", "pk": 29, "fields": {"user": 1, "k": 34, "score": 0, "flag": 0}}, {"model": "courses.qeval", "pk": 30, "fields": {"user": 1, "k": 85, "score": 0, "flag": 0}}, {"model": "courses.qeval", "pk": 31, "fields": {"user": 1, "k": 35, "score": 0, "flag": 0}}, {"model": "courses.qeval", "pk": 32, "fields": {"user": 1, "k": 36, "score": 0, "flag": 0}}, {"model": "courses.qeval", "pk": 33, "fields": {"user": 1, "k": 37, "score": 0, "flag": 0}}, {"model": "courses.qeval", "pk": 34, "fields": {"user": 1, "k": 38, "score": 0, "flag": 0}}, {"model": "courses.qeval", "pk": 35, "fields": {"user": 1, "k": 39, "score": 0, "flag": 0}}, {"model": "courses.qeval", "pk": 36, "fields": {"user": 1, "k": 40, "score": 0, "flag": 0}}, {"model": "courses.qeval", "pk": 37, "fields": {"user": 1, "k": 41, "score": 0, "flag": 0}}, {"model": "courses.qeval", "pk": 38, "fields": {"user": 1, "k": 42, "score": 0, "flag": 0}}, {"model": "courses.qeval", "pk": 39, "fields": {"user": 1, "k": 43, "score": 0, "flag": 0}}, {"model": "courses.qeval", "pk": 40, "fields": {"user": 1, "k": 44, "score": 0, "flag": 0}}, {"model": "courses.qeval", "pk": 41, "fields": {"user": 1, "k": 45, "score": 0, "flag": 0}}, {"model": "courses.qeval", "pk": 42, "fields": {"user": 1, "k": 46, "score": 0, "flag": 0}}, {"model": "courses.qeval", "pk": 43, "fields": {"user": 1, "k": 47, "score": 0, "flag": 0}}, {"model": "courses.qeval", "pk": 44, "fields": {"user": 1, "k": 48, "score": 0, "flag": 0}}, {"model": "courses.qeval", "pk": 45, "fields": {"user": 1, "k": 49, "score": 0, "flag": 0}}, {"model": "courses.qeval", "pk": 46, "fields": {"user": 1, "k": 50, "score": 0, "flag": 0}}, {"model": "courses.qeval", "pk": 47, "fields": {"user": 1, "k": 51, "score": 0, "flag": 0}}, {"model": "courses.qeval", "pk": 48, "fields": {"user": 1, "k": 52, "score": 0, "flag": 0}}, {"model": "courses.qeval", "pk": 49, "fields": {"user": 1, "k": 53, "score": 0, "flag": 0}}, {"model": "courses.qeval", "pk": 50, "fields": {"user": 1, "k": 54, "score": 0, "flag": 0}}, {"model": "courses.qeval", "pk": 51, "fields": {"user": 1, "k": 55, "score": 0, "flag": 0}}, {"model": "courses.qeval", "pk": 52, "fields": {"user": 1, "k": 56, "score": 0, "flag": 0}}, {"model": "courses.qeval", "pk": 53, "fields": {"user": 1, "k": 58, "score": 0, "flag": 0}}, {"model": "courses.qeval", "pk": 54, "fields": {"user": 1, "k": 59, "score": 0, "flag": 0}}, {"model": "courses.qeval", "pk": 55, "fields": {"user": 1, "k": 60, "score": 0, "flag": 0}}, {"model": "courses.qeval", "pk": 56, "fields": {"user": 1, "k": 62, "score": 0, "flag": 0}}, {"model": "courses.qeval", "pk": 57, "fields": {"user": 1, "k": 63, "score": 0, "flag": 0}}, {"model": "courses.qeval", "pk": 58, "fields": {"user": 1, "k": 64, "score": 0, "flag": 0}}, {"model": "courses.qeval", "pk": 59, "fields": {"user": 1, "k": 65, "score": 0, "flag": 0}}, {"model": "courses.qeval", "pk": 60, "fields": {"user": 1, "k": 66, "score": 0, "flag": 0}}, {"model": "courses.qeval", "pk": 61, "fields": {"user": 1, "k": 67, "score": 0, "flag": 0}}, {"model": "courses.qeval", "pk": 62, "fields": {"user": 1, "k": 68, "score": 0, "flag": 0}}, {"model": "courses.qeval", "pk": 63, "fields": {"user": 1, "k": 69, "score": 0, "flag": 0}}, {"model": "courses.qeval", "pk": 64, "fields": {"user": 1, "k": 70, "score": 0, "flag": 0}}, {"model": "courses.qeval", "pk": 65, "fields": {"user": 1, "k": 71, "score": 0, "flag": 0}}, {"model": "courses.qeval", "pk": 66, "fields": {"user": 1, "k": 72, "score": 0, "flag": 0}}, {"model": "courses.qeval", "pk": 67, "fields": {"user": 1, "k": 74, "score": 0, "flag": 0}}, {"model": "courses.qeval", "pk": 68, "fields": {"user": 1, "k": 75, "score": 0, "flag": 0}}, {"model": "courses.qeval", "pk": 69, "fields": {"user": 1, "k": 76, "score": 0, "flag": 0}}, {"model": "courses.qeval", "pk": 70, "fields": {"user": 1, "k": 77, "score": 0, "flag": 0}}, {"model": "courses.qeval", "pk": 71, "fields": {"user": 1, "k": 78, "score": 0, "flag": 0}}, {"model": "courses.qeval", "pk": 72, "fields": {"user": 1, "k": 79, "score": 0, "flag": 0}}, {"model": "courses.qeval", "pk": 73, "fields": {"user": 1, "k": 80, "score": 0, "flag": 0}}, {"model": "courses.qeval", "pk": 74, "fields": {"user": 1, "k": 81, "score": 0, "flag": 0}}, {"model": "courses.qeval", "pk": 75, "fields": {"user": 1, "k": 83, "score": 0, "flag": 0}}, {"model": "courses.qeval", "pk": 76, "fields": {"user": 1, "k": 84, "score": 0, "flag": 0}}, {"model": "courses.qeval", "pk": 77, "fields": {"user": 1, "k": 86, "score": 0, "flag": 0}}, {"model": "courses.qeval", "pk": 78, "fields": {"user": 1, "k": 87, "score": 0, "flag": 0}}, {"model": "courses.qeval", "pk": 79, "fields": {"user": 1, "k": 88, "score": 0, "flag": 0}}, {"model": "courses.qeval", "pk": 80, "fields": {"user": 1, "k": 89, "score": 0, "flag": 0}}, {"model": "courses.qeval", "pk": 81, "fields": {"user": 1, "k": 90, "score": 0, "flag": 0}}, {"model": "courses.qeval", "pk": 82, "fields": {"user": 1, "k": 91, "score": 0, "flag": 0}}, {"model": "courses.qeval", "pk": 83, "fields": {"user": 1, "k": 92, "score": 0, "flag": 0}}, {"model": "courses.qeval", "pk": 84, "fields": {"user": 1, "k": 93, "score": 0, "flag": 0}}, {"model": "courses.qeval", "pk": 85, "fields": {"user": 1, "k": 94, "score": 0, "flag": 0}}, {"model": "courses.qeval", "pk": 86, "fields": {"user": 1, "k": 96, "score": 0, "flag": 0}}, {"model": "courses.qeval", "pk": 87, "fields": {"user": 1, "k": 97, "score": 0, "flag": 0}}]